{
  "project_info": {
    "project_number": "733825666136",
    "firebase_url": "https://travelmantics-7653e.firebaseio.com",
    "project_id": "travelmantics-7653e",
    "storage_bucket": "travelmantics-7653e.appspot.com"
  },
  "client": [
    {
      "client_info": {
        "mobilesdk_app_id": "1:733825666136:android:5946b7104425d2f6",
        "android_client_info": {
          "package_name": "com.example.travel"
        }
      },
      "oauth_client": [
        {
          "client_id": "733825666136-spg0e8dkscqkt4kptgt9t3deuianubca.apps.googleusercontent.com",
          "client_type": 3
        }
      ],
      "api_key": [
        {
          "current_key": "AIzaSyCu7NeTLbCp3ptqqBcReZSQzjBgL3ZLiAU"
        }
      ],
      "services": {
        "appinvite_service": {
          "other_platform_oauth_client": [
            {
              "client_id": "733825666136-spg0e8dkscqkt4kptgt9t3deuianubca.apps.googleusercontent.com",
              "client_type": 3
            }
          ]
        }
      }
    }
  ],
  "configuration_version": "1"
}